RMSE,MAE,MAPE,R2
687.4605943638454,514.0131204044118,0.025548218741166213,0.537861821636478
